{
    "overall": {
        "ents_p": 0.975,
        "ents_r": 0.9767441860465116,
        "ents_f": 0.9758713136729221
    },
    "per_label": {
        "CA": {
            "p": 0.972972972972973,
            "r": 0.96,
            "f": 0.9664429530201343
        },
        "MS": {
            "p": 0.9858156028368794,
            "r": 0.9982046678635548,
            "f": 0.991971454058876
        },
        "COM": {
            "p": 0.9916317991631799,
            "r": 0.9875,
            "f": 0.989561586638831
        },
        "AGE": {
            "p": 0.8736842105263158,
            "r": 0.8645833333333334,
            "f": 0.8691099476439791
        }
    }
}