{
    "overall": {
        "ents_p": 0.9798245614035088,
        "ents_r": 0.96877710320902,
        "ents_f": 0.9742695159180114
    },
    "per_label": {
        "MS": {
            "p": 0.9945945945945946,
            "r": 0.9633507853403142,
            "f": 0.9787234042553191
        },
        "COM": {
            "p": 1.0,
            "r": 1.0,
            "f": 1.0
        },
        "CA": {
            "p": 0.9454545454545454,
            "r": 0.9497716894977168,
            "f": 0.9476082004555809
        },
        "AGE": {
            "p": 0.9120879120879121,
            "r": 0.9540229885057471,
            "f": 0.9325842696629213
        }
    }
}