{
    "overall": {
        "ents_p": 0.9674502712477396,
        "ents_r": 0.97538742023701,
        "ents_f": 0.9714026327734907
    },
    "per_label": {
        "MS": {
            "p": 0.9795918367346939,
            "r": 0.9869158878504672,
            "f": 0.9832402234636871
        },
        "COM": {
            "p": 0.9799196787148594,
            "r": 0.9959183673469387,
            "f": 0.9878542510121457
        },
        "CA": {
            "p": 0.9541284403669725,
            "r": 0.9629629629629629,
            "f": 0.9585253456221199
        },
        "AGE": {
            "p": 0.9,
            "r": 0.8910891089108911,
            "f": 0.8955223880597015
        }
    }
}