{
    "overall": {
        "ents_p": 0.9747427502338635,
        "ents_r": 0.9657089898053753,
        "ents_f": 0.9702048417132216
    },
    "per_label": {
        "COM": {
            "p": 1.0,
            "r": 1.0,
            "f": 1.0
        },
        "CA": {
            "p": 0.9430051813471503,
            "r": 0.9285714285714286,
            "f": 0.9357326478149101
        },
        "MS": {
            "p": 0.9853747714808044,
            "r": 0.9782214156079855,
            "f": 0.9817850637522768
        },
        "AGE": {
            "p": 0.8947368421052632,
            "r": 0.8607594936708861,
            "f": 0.8774193548387097
        }
    }
}