{
    "overall": {
        "ents_p": 0.983710407239819,
        "ents_r": 0.9696699375557538,
        "ents_f": 0.9766397124887691
    },
    "per_label": {
        "COM": {
            "p": 1.0,
            "r": 0.9816176470588235,
            "f": 0.9907235621521336
        },
        "MS": {
            "p": 0.9781818181818182,
            "r": 0.9889705882352942,
            "f": 0.9835466179159049
        },
        "CA": {
            "p": 0.9850746268656716,
            "r": 0.9383886255924171,
            "f": 0.9611650485436893
        },
        "AGE": {
            "p": 0.9655172413793104,
            "r": 0.8936170212765957,
            "f": 0.9281767955801106
        }
    }
}